﻿<parameters>
  <parameter name="IIS Web Application Name" defaultValue="Default Web Site/" tags="IisApp">
    <parameterEntry kind="ProviderPath" scope="AppHostConfig" match="^CanamLiveFA$" />
    <parameterEntry kind="ProviderPath" scope="contentPath" match="^C:\\Users\\Craig\\documents\\visual\ studio\ 2013\\Projects\\CanamLiveFA\\CanamLiveFA\\obj\\Release\\Package\\PackageTmp$" />
    <parameterEntry kind="ProviderPath" scope="setAcl" match="^C:\\Users\\Craig\\documents\\visual\ studio\ 2013\\Projects\\CanamLiveFA\\CanamLiveFA\\obj\\Release\\Package\\PackageTmp$" />
  </parameter>
  <parameter name="IIS Web Application Pool Name" defaultValue="ASP.NET v4.0">
    <parameterEntry kind="DeploymentObjectAttribute" scope="application" match="application[@applicationPool='Clr4IntegratedAppPool']/@applicationPool" />
  </parameter>
  <parameter name="IisVirtualDirectoryPhysicalPath" defaultValue="C:\Users\Craig\documents\visual studio 2013\Projects\CanamLiveFA\CanamLiveFA_deploy" tags="PhysicalPath">
    <parameterEntry kind="DestinationVirtualDirectory" scope=".*" match="^C:\\Users\\Craig\\documents\\visual\ studio\ 2013\\Projects\\CanamLiveFA\\CanamLiveFA$" />
  </parameter>
  <parameter name="CanamLiveFAdb-Web.config Connection String" description="CanamLiveFAdb Connection String used in web.config by the application to access the database." defaultValue="Data Source=CRAIG-DESKTOP\STRATLIVEFA;Initial Catalog=CanamStratdb;Integrated Security=True;User Id=CanAm;password=Go123!abcd;" tags="SqlConnectionString">
    <parameterEntry kind="XmlFile" scope="C:\\Users\\Craig\\documents\\visual\ studio\ 2013\\Projects\\CanamLiveFA\\CanamLiveFA\\obj\\Release\\Package\\PackageTmp\\Web\.config$" match="/configuration/connectionStrings/add[@name='CanamLiveFAdb']/@connectionString" />
  </parameter>
</parameters>